Animal,DominanceCategory,Phenotype,Pair,DateTime,Session,Focal,Duration,State,Taxon,BehaviorCode,Count,Month,MonthlyFruitBiomass,FruitBiomassCategory,TaxonNEW
SS,high,T,5,6/27/2019,9,285,4212,EFI,ANTS,B,1,6,8.760734086,Low,ANTS
SS,high,T,5,6/27/2019,9,285,4212,EFI,INSE,B,2,6,8.760734086,Low,EFI
SS,high,T,5,6/27/2019,9,285,4212,FFR,GAME,B,7,6,8.760734086,Low,GAME
SS,high,T,5,6/27/2019,9,285,4212,FIN,CATA,B,17,6,8.760734086,Low,CATA
SS,high,T,5,6/27/2019,9,285,4212,FIN,INSE,B,3,6,8.760734086,Low,FIN
SS,high,T,5,7/15/2019,14,148,5214,EFI,INSE,B,7,7,11.77498434,Low,EFI
SS,high,T,5,7/15/2019,14,148,5214,FFR,FCOT,B,6,7,11.77498434,Low,FCOT
SS,high,T,5,7/15/2019,14,148,5214,FIN,CATA,B,19,7,11.77498434,Low,CATA
SS,high,T,5,7/15/2019,14,148,5214,FIN,INSE,B,22,7,11.77498434,Low,FIN
SS,high,T,5,8/5/2019,26,171,6490,FFR,MTIN,B,1,8,14.46787252,Low,MTIN
SS,high,T,5,8/5/2019,26,171,6490,FIN,CATA,B,4,8,14.46787252,Low,CATA
SS,high,T,5,8/5/2019,26,171,6490,FIN,INSE,B,7,8,14.46787252,Low,FIN
SS,high,T,5,9/4/2019,44,201,1987,FFR,GMAC,B,8,9,70.57240697,High,GMAC
SS,high,T,5,9/4/2019,44,201,1987,FIN,INSE,B,2,9,70.57240697,High,FIN
SS,high,T,5,9/9/2019,45,203,4667,EFI,INSE,B,5,9,70.57240697,High,EFI
SS,high,T,5,9/9/2019,45,203,4667,FFR,GMAC,B,11,9,70.57240697,High,GMAC
SS,high,T,5,9/9/2019,45,203,4667,FIN,INSE,B,2,9,70.57240697,High,FIN
SS,high,T,5,9/9/2019,45,203,4667,FIN,LGRA,B,7,9,70.57240697,High,LGRA
SS,high,T,5,9/23/2019,54,221,6127,EFI,CATA,B,10,9,70.57240697,High,CATA
SS,high,T,5,9/23/2019,54,221,6127,EFI,INSE,B,33,9,70.57240697,High,EFI
SS,high,T,5,9/23/2019,54,221,6127,FFR,GMAC,B,59,9,70.57240697,High,GMAC
SS,high,T,5,9/23/2019,54,221,6127,FIN,INSE,B,31,9,70.57240697,High,FIN
SS,high,T,5,10/18/2019,71,249,5038,EFI,INSE,B,12,10,29.0961191,High,EFI
SS,high,T,5,10/18/2019,71,249,5038,FFR,SOBO,B,156,10,29.0961191,High,SOBO
SS,high,T,5,10/18/2019,71,249,5038,FIN,CATA,B,1,10,29.0961191,High,CATA
SS,high,T,5,10/18/2019,71,249,5038,FIN,HIVE,B,32,10,29.0961191,High,HIVE
SS,high,T,5,10/18/2019,71,249,5038,FIN,INSE,B,3,10,29.0961191,High,FIN
SS,high,T,5,11/18/2019,81,271,6415,EFI,CATA,B,5,11,48.12151099,High,CATA
SS,high,T,5,11/18/2019,81,271,6415,FFR,QOLE,B,178,11,48.12151099,High,QOLE
SS,high,T,5,11/18/2019,81,271,6415,FIN,INSE,B,6,11,48.12151099,High,FIN
SS,high,T,5,11/18/2019,81,271,6415,FIN,LGRA,B,94,11,48.12151099,High,LGRA
OR,high,T,6,7/1/2019,83,134,6436,FFR,GAME,B,58,7,11.77498434,Low,GAME
OR,high,T,6,7/21/2019,20,159,5105,FIN,CATA,B,7,7,11.77498434,Low,CATA
OR,high,T,6,7/21/2019,20,159,5105,FIN,INSE,B,15,7,11.77498434,Low,FIN
OR,high,T,6,8/6/2019,28,174,5100,EFI,INSE,B,1,8,14.46787252,Low,EFI
OR,high,T,6,8/6/2019,28,174,5100,FFR,BPOL,B,8,8,14.46787252,Low,BPOL
OR,high,T,6,8/6/2019,28,174,5100,FIN,INSE,B,7,8,14.46787252,Low,FIN
OR,high,T,6,8/6/2019,28,174,5100,FIN,LGRA,B,25,8,14.46787252,Low,LGRA
OR,high,T,6,9/2/2019,42,197,5459,EFI,INSE,B,9,9,70.57240697,High,EFI
OR,high,T,6,9/2/2019,42,197,5459,FIN,CATA,B,4,9,70.57240697,High,CATA
OR,high,T,6,9/2/2019,42,197,5459,FIN,INSE,B,8,9,70.57240697,High,FIN
OR,high,T,6,9/2/2019,42,197,5459,FIN,LGRA,B,23,9,70.57240697,High,LGRA
OR,high,T,6,10/3/2019,57,224,7416,EFI,INSE,B,27,10,29.0961191,High,EFI
OR,high,T,6,10/3/2019,57,224,7416,FFR,GMAC,B,15,10,29.0961191,High,GMAC
OR,high,T,6,10/3/2019,57,224,7416,FFR,SOBO,B,42,10,29.0961191,High,SOBO
OR,high,T,6,10/3/2019,57,224,7416,FIN,CATA,B,4,10,29.0961191,High,CATA
OR,high,T,6,10/3/2019,57,224,7416,FIN,INSE,B,6,10,29.0961191,High,FIN
OR,high,T,6,10/3/2019,57,224,7416,FIN,LGRA,B,43,10,29.0961191,High,LGRA
OR,high,T,6,10/17/2019,69,246,6019,EFI,INSE,B,16,10,29.0961191,High,EFI
OR,high,T,6,10/17/2019,69,246,6019,FIN,CATA,B,4,10,29.0961191,High,CATA
OR,high,T,6,10/17/2019,69,246,6019,FIN,INSE,B,11,10,29.0961191,High,FIN
OR,high,T,6,10/17/2019,69,246,6019,FIN,LGRA,B,93,10,29.0961191,High,LGRA
TH,high,T,8,7/1/2019,10,133,7313,EFI,INSE,B,2,7,11.77498434,Low,EFI
TH,high,T,8,7/1/2019,10,133,7313,FFR,GAME,B,75,7,11.77498434,Low,GAME
TH,high,T,8,7/1/2019,10,133,7313,FIN,CATA,B,11,7,11.77498434,Low,CATA
TH,high,T,8,7/1/2019,10,133,7313,FIN,INSE,B,32,7,11.77498434,Low,FIN
TH,high,T,8,7/16/2019,16,151,5156,FFR,FCOT,B,27,7,11.77498434,Low,FCOT
TH,high,T,8,7/17/2019,18,154,5851,EFI,INSE,B,3,7,11.77498434,Low,EFI
TH,high,T,8,7/17/2019,18,154,5851,FFR,BPOL,B,15,7,11.77498434,Low,BPOL
TH,high,T,8,7/17/2019,18,154,5851,FFR,FCOT,B,35,7,11.77498434,Low,FCOT
TH,high,T,8,7/17/2019,18,154,5851,FIN,CATA,B,67,7,11.77498434,Low,CATA
TH,high,T,8,7/17/2019,18,154,5851,FIN,INSE,B,12,7,11.77498434,Low,FIN
TH,high,T,8,8/8/2019,29,283,4810,EFI,INSE,B,1,8,14.46787252,Low,EFI
TH,high,T,8,8/8/2019,29,283,4810,FFR,BPOL,B,3,8,14.46787252,Low,BPOL
TH,high,T,8,8/8/2019,29,283,4810,FIN,INSE,B,18,8,14.46787252,Low,FIN
TH,high,T,8,9/10/2019,46,204,5710,EFI,INSE,B,7,9,70.57240697,High,EFI
TH,high,T,8,9/10/2019,46,204,5710,FFR,MTIN,B,11,9,70.57240697,High,MTIN
TH,high,T,8,9/10/2019,46,204,5710,FIN,INSE,B,7,9,70.57240697,High,FIN
TH,high,T,8,9/10/2019,46,204,5710,FIN,LGRA,B,15,9,70.57240697,High,LGRA
TH,high,T,8,10/1/2019,56,222,3789,EFI,INSE,B,13,10,29.0961191,High,EFI
TH,high,T,8,10/1/2019,56,222,3789,FFR,SOBO,B,70,10,29.0961191,High,SOBO
TH,high,T,8,10/1/2019,56,222,3789,FIN,INSE,B,2,10,29.0961191,High,FIN
TH,high,T,8,10/16/2019,68,244,3809,EFI,CATA,B,4,10,29.0961191,High,CATA
TH,high,T,8,10/16/2019,68,244,3809,EFI,INSE,B,2,10,29.0961191,High,EFI
TH,high,T,8,10/16/2019,68,244,3809,FIN,CATA,B,7,10,29.0961191,High,CATA
TH,high,T,8,10/16/2019,68,244,3809,FIN,INSE,B,7,10,29.0961191,High,FIN
TH,high,T,8,10/16/2019,68,244,3809,FIN,LGRA,B,100,10,29.0961191,High,LGRA
TH,high,T,8,10/18/2019,70,251,3495,EFI,ANTS,B,41,10,29.0961191,High,ANTS
TH,high,T,8,10/18/2019,70,251,3495,EFI,INSE,B,4,10,29.0961191,High,EFI
TH,high,T,8,10/18/2019,70,251,3495,FFR,SOBO,B,15,10,29.0961191,High,SOBO
TH,high,T,8,10/18/2019,70,251,3495,FIN,INSE,B,3,10,29.0961191,High,FIN
TH,high,T,8,11/19/2019,82,272,6120,EFI,INSE,B,17,11,48.12151099,High,EFI
TH,high,T,8,11/19/2019,82,272,6120,FFR,QOLE,B,115,11,48.12151099,High,QOLE
TH,high,T,8,11/19/2019,82,272,6120,FFR,SOBO,B,82,11,48.12151099,High,SOBO
TH,high,T,8,11/19/2019,82,272,6120,FIN,CATA,B,11,11,48.12151099,High,CATA
TH,high,T,8,11/19/2019,82,272,6120,FIN,INSE,B,10,11,48.12151099,High,FIN
CT,mid,D,6,7/1/2019,83,135,6526,EFI,INSE,B,23,7,11.77498434,Low,EFI
CT,mid,D,6,7/1/2019,83,135,6526,FFR,GAME,B,70,7,11.77498434,Low,GAME
CT,mid,D,6,7/1/2019,83,135,6526,FIN,CATA,B,3,7,11.77498434,Low,CATA
CT,mid,D,6,7/1/2019,83,135,6526,FIN,INSE,B,12,7,11.77498434,Low,FIN
CT,mid,D,6,7/21/2019,20,158,6245,EFI,INSE,B,30,7,11.77498434,Low,EFI
CT,mid,D,6,7/21/2019,20,158,6245,FIN,CATA,B,13,7,11.77498434,Low,CATA
CT,mid,D,6,7/21/2019,20,158,6245,FIN,INSE,B,12,7,11.77498434,Low,FIN
CT,mid,D,6,8/6/2019,28,173,5050,EFI,INSE,B,22,8,14.46787252,Low,EFI
CT,mid,D,6,8/6/2019,28,173,5050,FFR,BPOL,B,1,8,14.46787252,Low,BPOL
CT,mid,D,6,8/6/2019,28,173,5050,FIN,CATA,B,4,8,14.46787252,Low,CATA
CT,mid,D,6,8/6/2019,28,173,5050,FIN,INSE,B,1,8,14.46787252,Low,FIN
CT,mid,D,6,8/6/2019,28,173,5050,FIN,LGRA,B,85,8,14.46787252,Low,LGRA
CT,mid,D,6,9/2/2019,42,284,7106,EFI,ANTS,B,6,9,70.57240697,High,ANTS
CT,mid,D,6,9/2/2019,42,284,7106,EFI,INSE,B,61,9,70.57240697,High,EFI
CT,mid,D,6,9/2/2019,42,284,7106,FFR,MTIN,B,3,9,70.57240697,High,MTIN
CT,mid,D,6,9/2/2019,42,284,7106,FIN,CATA,B,7,9,70.57240697,High,CATA
CT,mid,D,6,9/2/2019,42,284,7106,FIN,INSE,B,25,9,70.57240697,High,FIN
CT,mid,D,6,10/3/2019,57,225,7097,EFI,ANTS,B,4,10,29.0961191,High,ANTS
CT,mid,D,6,10/3/2019,57,225,7097,EFI,INSE,B,181,10,29.0961191,High,EFI
CT,mid,D,6,10/3/2019,57,225,7097,FFR,GMAC,B,13,10,29.0961191,High,GMAC
CT,mid,D,6,10/3/2019,57,225,7097,FIN,CATA,B,2,10,29.0961191,High,CATA
CT,mid,D,6,10/3/2019,57,225,7097,FIN,INSE,B,42,10,29.0961191,High,FIN
CT,mid,D,6,10/17/2019,69,247,6923,EFI,ANTS,B,90,10,29.0961191,High,ANTS
CT,mid,D,6,10/17/2019,69,247,6923,EFI,CATA,B,6,10,29.0961191,High,CATA
CT,mid,D,6,10/17/2019,69,247,6923,EFI,INSE,B,113,10,29.0961191,High,EFI
CT,mid,D,6,10/17/2019,69,247,6923,FIN,CATA,B,9,10,29.0961191,High,CATA
CT,mid,D,6,10/17/2019,69,247,6923,FIN,INSE,B,13,10,29.0961191,High,FIN
CT,mid,D,6,10/17/2019,69,247,6923,FIN,LGRA,B,76,10,29.0961191,High,LGRA
SJ,mid,D,5,6/27/2019,9,132,5549,EFI,INSE,B,1,6,8.760734086,Low,EFI
SJ,mid,D,5,6/27/2019,9,132,5549,FFR,GAME,B,77,6,8.760734086,Low,GAME
SJ,mid,D,5,6/27/2019,9,132,5549,FIN,CATA,B,47,6,8.760734086,Low,CATA
SJ,mid,D,5,6/27/2019,9,132,5549,FIN,INSE,B,2,6,8.760734086,Low,FIN
SJ,mid,D,5,7/15/2019,14,145,5983,EFI,INSE,B,1,7,11.77498434,Low,EFI
SJ,mid,D,5,7/15/2019,14,145,5983,FFR,FCOT,B,4,7,11.77498434,Low,FCOT
SJ,mid,D,5,7/15/2019,14,145,5983,FIN,CATA,B,103,7,11.77498434,Low,CATA
SJ,mid,D,5,7/15/2019,14,145,5983,FIN,INSE,B,32,7,11.77498434,Low,FIN
SJ,mid,D,5,8/5/2019,26,170,5336,FFR,MTIN,B,5,8,14.46787252,Low,MTIN
SJ,mid,D,5,8/5/2019,26,170,5336,FIN,INSE,B,6,8,14.46787252,Low,FIN
SJ,mid,D,5,9/4/2019,44,200,1628,FIN,INSE,B,1,9,70.57240697,High,FIN
SJ,mid,D,5,9/4/2019,44,200,1628,FIN,LGRA,B,35,9,70.57240697,High,LGRA
SJ,mid,D,5,9/9/2019,45,202,6088,EFI,INSE,B,34,9,70.57240697,High,EFI
SJ,mid,D,5,9/9/2019,45,202,6088,FFR,GMAC,B,23,9,70.57240697,High,GMAC
SJ,mid,D,5,9/9/2019,45,202,6088,FIN,INSE,B,2,9,70.57240697,High,FIN
SJ,mid,D,5,9/9/2019,45,202,6088,FIN,LGRA,B,19,9,70.57240697,High,LGRA
SJ,mid,D,5,9/23/2019,54,216,6710,EFI,ANTS,B,8,9,70.57240697,High,ANTS
SJ,mid,D,5,9/23/2019,54,216,6710,EFI,INSE,B,56,9,70.57240697,High,EFI
SJ,mid,D,5,9/23/2019,54,216,6710,FFR,GMAC,B,141,9,70.57240697,High,GMAC
SJ,mid,D,5,9/23/2019,54,216,6710,FIN,CATA,B,3,9,70.57240697,High,CATA
SJ,mid,D,5,9/23/2019,54,216,6710,FIN,INSE,B,2,9,70.57240697,High,FIN
SJ,mid,D,5,9/23/2019,54,216,6710,FIN,LGRA,B,44,9,70.57240697,High,LGRA
SJ,mid,D,5,10/18/2019,71,250,6436,EFI,ANTS,B,40,10,29.0961191,High,ANTS
SJ,mid,D,5,10/18/2019,71,250,6436,EFI,INSE,B,103,10,29.0961191,High,EFI
SJ,mid,D,5,10/18/2019,71,250,6436,FFR,SOBO,B,172,10,29.0961191,High,SOBO
SJ,mid,D,5,10/18/2019,71,250,6436,FIN,CATA,B,50,10,29.0961191,High,CATA
SJ,mid,D,5,10/18/2019,71,250,6436,FIN,INSE,B,27,10,29.0961191,High,FIN
SJ,mid,D,5,11/18/2019,81,270,7212,EFI,ANTS,B,25,11,48.12151099,High,ANTS
SJ,mid,D,5,11/18/2019,81,270,7212,EFI,INSE,B,117,11,48.12151099,High,EFI
SJ,mid,D,5,11/18/2019,81,270,7212,FFR,QOLE,B,198,11,48.12151099,High,QOLE
SJ,mid,D,5,11/18/2019,81,270,7212,FFR,SOBO,B,1,11,48.12151099,High,SOBO
SJ,mid,D,5,11/18/2019,81,270,7212,FIN,CATA,B,5,11,48.12151099,High,CATA
SJ,mid,D,5,11/18/2019,81,270,7212,FIN,INSE,B,35,11,48.12151099,High,FIN
SJ,mid,D,5,11/18/2019,81,270,7212,FIN,LGRA,B,14,11,48.12151099,High,LGRA
CE,low,D,8,7/1/2019,10,136,6216,EFI,ANTS,B,1,7,11.77498434,Low,ANTS
CE,low,D,8,7/1/2019,10,136,6216,EFI,INSE,B,2,7,11.77498434,Low,EFI
CE,low,D,8,7/1/2019,10,136,6216,FIN,CATA,B,6,7,11.77498434,Low,CATA
CE,low,D,8,7/1/2019,10,136,6216,FIN,INSE,B,15,7,11.77498434,Low,FIN
CE,low,D,8,7/16/2019,16,149,2490,FFR,FCOT,B,146,7,11.77498434,Low,FCOT
CE,low,D,8,7/16/2019,16,149,2490,FIN,INSE,B,1,7,11.77498434,Low,FIN
CE,low,D,8,7/17/2019,18,155,5478,FFR,BPOL,B,6,7,11.77498434,Low,BPOL
CE,low,D,8,7/17/2019,18,155,5478,FIN,CATA,B,32,7,11.77498434,Low,CATA
CE,low,D,8,7/17/2019,18,155,5478,FIN,INSE,B,13,7,11.77498434,Low,FIN
CE,low,D,8,8/8/2019,29,176,5057,EFI,INSE,B,3,8,14.46787252,Low,EFI
CE,low,D,8,8/8/2019,29,176,5057,FFR,BPOL,B,21,8,14.46787252,Low,BPOL
CE,low,D,8,8/8/2019,29,176,5057,FIN,INSE,B,1,8,14.46787252,Low,FIN
CE,low,D,8,9/10/2019,46,205,5444,EFI,INSE,B,4,9,70.57240697,High,EFI
CE,low,D,8,9/10/2019,46,205,5444,FFR,MTIN,B,9,9,70.57240697,High,MTIN
CE,low,D,8,9/10/2019,46,205,5444,FIN,INSE,B,1,9,70.57240697,High,FIN
CE,low,D,8,9/10/2019,46,205,5444,FIN,LGRA,B,44,9,70.57240697,High,LGRA
CE,low,D,8,10/1/2019,56,223,5725,EFI,INSE,B,58,10,29.0961191,High,EFI
CE,low,D,8,10/1/2019,56,223,5725,FFR,FCOT,B,9,10,29.0961191,High,FCOT
CE,low,D,8,10/1/2019,56,223,5725,FIN,CATA,B,1,10,29.0961191,High,CATA
CE,low,D,8,10/1/2019,56,223,5725,FIN,INSE,B,5,10,29.0961191,High,FIN
CE,low,D,8,10/1/2019,56,223,5725,FIN,LGRA,B,30,10,29.0961191,High,LGRA
CE,low,D,8,10/16/2019,68,245,3144,EFI,INSE,B,9,10,29.0961191,High,EFI
CE,low,D,8,10/16/2019,68,245,3144,FIN,CATA,B,6,10,29.0961191,High,CATA
CE,low,D,8,10/16/2019,68,245,3144,FIN,INSE,B,9,10,29.0961191,High,FIN
CE,low,D,8,10/16/2019,68,245,3144,FIN,LGRA,B,26,10,29.0961191,High,LGRA
CE,low,D,8,10/18/2019,70,248,3917,EFI,CATA,B,1,10,29.0961191,High,CATA
CE,low,D,8,10/18/2019,70,248,3917,EFI,INSE,B,5,10,29.0961191,High,EFI
CE,low,D,8,10/18/2019,70,248,3917,FFR,SOBO,B,6,10,29.0961191,High,SOBO
CE,low,D,8,10/18/2019,70,248,3917,FIN,INSE,B,27,10,29.0961191,High,FIN
CE,low,D,8,11/19/2019,82,273,6210,FFR,CVER,B,7,11,48.12151099,High,CVER
CE,low,D,8,11/19/2019,82,273,6210,FFR,QOLE,B,130,11,48.12151099,High,QOLE
CE,low,D,8,11/19/2019,82,273,6210,FIN,CATA,B,6,11,48.12151099,High,CATA
CE,low,D,8,11/19/2019,82,273,6210,FIN,INSE,B,10,11,48.12151099,High,FIN
CE,low,D,8,11/19/2019,82,273,6210,FIN,LGRA,B,26,11,48.12151099,High,LGRA
VN,low,D,7,6/20/2019,6,126,6019,FFR,GAME,B,74,6,8.760734086,Low,GAME
VN,low,D,7,6/20/2019,6,126,6019,FIN,CATA,B,41,6,8.760734086,Low,CATA
VN,low,D,7,6/20/2019,6,126,6019,FIN,INSE,B,3,6,8.760734086,Low,FIN
VN,low,D,7,7/16/2019,17,150,5604,EFI,ANTS,B,8,7,11.77498434,Low,ANTS
VN,low,D,7,7/16/2019,17,150,5604,EFI,INSE,B,5,7,11.77498434,Low,EFI
VN,low,D,7,7/16/2019,17,150,5604,FIN,CATA,B,53,7,11.77498434,Low,CATA
VN,low,D,7,7/16/2019,17,150,5604,FIN,INSE,B,29,7,11.77498434,Low,FIN
VN,low,D,7,8/6/2019,27,172,4829,EFI,INSE,B,1,8,14.46787252,Low,EFI
VN,low,D,7,8/6/2019,27,172,4829,FIN,INSE,B,8,8,14.46787252,Low,FIN
VN,low,D,7,8/6/2019,27,172,4829,FIN,LGRA,B,34,8,14.46787252,Low,LGRA
VN,low,D,7,9/4/2019,43,199,5606,EFI,ANTS,B,18,9,70.57240697,High,ANTS
VN,low,D,7,9/4/2019,43,199,5606,EFI,INSE,B,94,9,70.57240697,High,EFI
VN,low,D,7,9/4/2019,43,199,5606,FFR,GMAC,B,11,9,70.57240697,High,GMAC
VN,low,D,7,9/4/2019,43,199,5606,FFR,MTIN,B,7,9,70.57240697,High,MTIN
VN,low,D,7,9/4/2019,43,199,5606,FFR,SOBO,B,32,9,70.57240697,High,SOBO
VN,low,D,7,9/4/2019,43,199,5606,FIN,CATA,B,3,9,70.57240697,High,CATA
VN,low,D,7,9/4/2019,43,199,5606,FIN,INSE,B,15,9,70.57240697,High,FIN
VN,low,D,7,9/30/2019,55,219,4879,EFI,ANTS,B,5,9,70.57240697,High,ANTS
VN,low,D,7,9/30/2019,55,219,4879,EFI,INSE,B,40,9,70.57240697,High,EFI
VN,low,D,7,9/30/2019,55,219,4879,FFR,PPLA,B,7,9,70.57240697,High,PPLA
VN,low,D,7,9/30/2019,55,219,4879,FFR,SOBO,B,104,9,70.57240697,High,SOBO
VN,low,D,7,9/30/2019,55,219,4879,FIN,INSE,B,6,9,70.57240697,High,FIN
VN,low,D,7,9/30/2019,55,219,4879,FIN,LGRA,B,7,9,70.57240697,High,LGRA
VN,low,D,7,10/16/2019,67,242,6586,EFI,ANTS,B,15,10,29.0961191,High,ANTS
VN,low,D,7,10/16/2019,67,242,6586,EFI,INSE,B,34,10,29.0961191,High,EFI
VN,low,D,7,10/16/2019,67,242,6586,FFR,FCOT,B,166,10,29.0961191,High,FCOT
VN,low,D,7,10/16/2019,67,242,6586,FFR,SOBO,B,67,10,29.0961191,High,SOBO
VN,low,D,7,10/16/2019,67,242,6586,FIN,ANTS,B,7,10,29.0961191,High,ANTS
VN,low,D,7,10/16/2019,67,242,6586,FIN,CATA,B,5,10,29.0961191,High,CATA
VN,low,D,7,10/16/2019,67,242,6586,FIN,INSE,B,6,10,29.0961191,High,FIN
VN,low,D,7,11/15/2019,80,269,5415,EFI,INSE,B,81,11,48.12151099,High,EFI
VN,low,D,7,11/15/2019,80,269,5415,FFR,CVER,B,23,11,48.12151099,High,CVER
VN,low,D,7,11/15/2019,80,269,5415,FFR,FCOT,B,400,11,48.12151099,High,FCOT
VN,low,D,7,11/15/2019,80,269,5415,FFR,SOBO,B,3,11,48.12151099,High,SOBO
VN,low,D,7,11/15/2019,80,269,5415,FIN,CATA,B,14,11,48.12151099,High,CATA
VN,low,D,7,11/15/2019,80,269,5415,FIN,INSE,B,16,11,48.12151099,High,FIN
CH,low,T,7,6/20/2019,6,127,5580,EFI,INSE,B,4,6,8.760734086,Low,EFI
CH,low,T,7,6/20/2019,6,127,5580,FFR,GAME,B,111,6,8.760734086,Low,GAME
CH,low,T,7,6/20/2019,6,127,5580,FIN,CATA,B,3,6,8.760734086,Low,CATA
CH,low,T,7,6/20/2019,6,127,5580,FIN,INSE,B,6,6,8.760734086,Low,FIN
CH,low,T,7,7/16/2019,17,152,5743,EFI,INSE,B,7,7,11.77498434,Low,EFI
CH,low,T,7,7/16/2019,17,152,5743,FFR,BPOL,B,12,7,11.77498434,Low,BPOL
CH,low,T,7,7/16/2019,17,152,5743,FIN,CATA,B,114,7,11.77498434,Low,CATA
CH,low,T,7,7/16/2019,17,152,5743,FIN,INSE,B,14,7,11.77498434,Low,FIN
CH,low,T,7,8/6/2019,27,175,6791,FFR,MTIN,B,4,8,14.46787252,Low,MTIN
CH,low,T,7,8/6/2019,27,175,6791,FIN,CATA,B,3,8,14.46787252,Low,CATA
CH,low,T,7,8/6/2019,27,175,6791,FIN,INSE,B,11,8,14.46787252,Low,FIN
CH,low,T,7,8/6/2019,27,175,6791,FIN,LGRA,B,34,8,14.46787252,Low,LGRA
CH,low,T,7,9/4/2019,43,198,5250,EFI,INSE,B,29,9,70.57240697,High,EFI
CH,low,T,7,9/4/2019,43,198,5250,FFR,GMAC,B,7,9,70.57240697,High,GMAC
CH,low,T,7,9/4/2019,43,198,5250,FIN,CATA,B,2,9,70.57240697,High,CATA
CH,low,T,7,9/4/2019,43,198,5250,FIN,INSE,B,19,9,70.57240697,High,FIN
CH,low,T,7,9/30/2019,55,220,5933,EFI,ANTS,B,130,9,70.57240697,High,ANTS
CH,low,T,7,9/30/2019,55,220,5933,EFI,INSE,B,61,9,70.57240697,High,EFI
CH,low,T,7,9/30/2019,55,220,5933,FFR,FCOT,B,25,9,70.57240697,High,FCOT
CH,low,T,7,9/30/2019,55,220,5933,FFR,SOBO,B,54,9,70.57240697,High,SOBO
CH,low,T,7,9/30/2019,55,220,5933,FIN,INSE,B,10,9,70.57240697,High,FIN
CH,low,T,7,9/30/2019,55,220,5933,FIN,LGRA,B,118,9,70.57240697,High,LGRA
CH,low,T,7,10/16/2019,67,243,6187,EFI,INSE,B,54,10,29.0961191,High,EFI
CH,low,T,7,10/16/2019,67,243,6187,FFR,FCOT,B,213,10,29.0961191,High,FCOT
CH,low,T,7,10/16/2019,67,243,6187,FFR,SOBO,B,4,10,29.0961191,High,SOBO
CH,low,T,7,10/16/2019,67,243,6187,FIN,CATA,B,9,10,29.0961191,High,CATA
CH,low,T,7,10/16/2019,67,243,6187,FIN,INSE,B,5,10,29.0961191,High,FIN
CH,low,T,7,11/15/2019,80,268,6001,EFI,CATA,B,6,11,48.12151099,High,CATA
CH,low,T,7,11/15/2019,80,268,6001,EFI,INSE,B,15,11,48.12151099,High,EFI
CH,low,T,7,11/15/2019,80,268,6001,FFR,FCOT,B,588,11,48.12151099,High,FCOT
CH,low,T,7,11/15/2019,80,268,6001,FFR,SOBO,B,66,11,48.12151099,High,SOBO
CH,low,T,7,11/15/2019,80,268,6001,FIN,CATA,B,3,11,48.12151099,High,CATA
CH,low,T,7,11/15/2019,80,268,6001,FIN,INSE,B,15,11,48.12151099,High,FIN
SI,high,D,3,6/17/2019,4,121,6287,EFI,INSE,B,2,6,8.760734086,Low,EFI
SI,high,D,3,6/17/2019,4,121,6287,FIN,CATA,B,91,6,8.760734086,Low,CATA
SI,high,D,3,6/17/2019,4,121,6287,FIN,INSE,B,20,6,8.760734086,Low,FIN
SI,high,D,3,7/22/2019,21,163,5135,EFI,ANTS,B,26,7,11.77498434,Low,ANTS
SI,high,D,3,7/22/2019,21,163,5135,EFI,INSE,B,37,7,11.77498434,Low,EFI
SI,high,D,3,7/22/2019,21,163,5135,FIN,ANTS,B,10,7,11.77498434,Low,ANTS
SI,high,D,3,7/22/2019,21,163,5135,FIN,CATA,B,8,7,11.77498434,Low,CATA
SI,high,D,3,7/22/2019,21,163,5135,FIN,INSE,B,13,7,11.77498434,Low,FIN
SI,high,D,3,8/16/2019,34,184,5646,FFR,MTIN,B,13,8,14.46787252,Low,MTIN
SI,high,D,3,8/16/2019,34,184,5646,FFR,PPLA,B,44,8,14.46787252,Low,PPLA
SI,high,D,3,8/16/2019,34,184,5646,FFR,SOBO,B,2,8,14.46787252,Low,SOBO
SI,high,D,3,8/16/2019,34,184,5646,FIN,CATA,B,2,8,14.46787252,Low,CATA
SI,high,D,3,8/16/2019,34,184,5646,FIN,HIVE,B,3,8,14.46787252,Low,HIVE
SI,high,D,3,8/16/2019,34,184,5646,FIN,INSE,B,7,8,14.46787252,Low,FIN
SI,high,D,3,9/16/2019,50,275,5546,EFI,ANTS,B,2,9,70.57240697,High,ANTS
SI,high,D,3,9/16/2019,50,275,5546,EFI,INSE,B,7,9,70.57240697,High,EFI
SI,high,D,3,9/16/2019,50,275,5546,FFR,GMAC,B,84,9,70.57240697,High,GMAC
SI,high,D,3,9/16/2019,50,275,5546,FIN,ANTS,B,4,9,70.57240697,High,ANTS
SI,high,D,3,9/16/2019,50,275,5546,FIN,CATA,B,1,9,70.57240697,High,CATA
SI,high,D,3,9/16/2019,50,275,5546,FIN,HIVE,B,37,9,70.57240697,High,HIVE
SI,high,D,3,9/16/2019,50,275,5546,FIN,INSE,B,19,9,70.57240697,High,FIN
SI,high,D,3,10/8/2019,63,235,6650,EFI,INSE,B,1,10,29.0961191,High,EFI
SI,high,D,3,10/8/2019,63,235,6650,FFR,FCOT,B,690,10,29.0961191,High,FCOT
SI,high,D,3,10/8/2019,63,235,6650,FFR,SOBO,B,124,10,29.0961191,High,SOBO
SI,high,D,3,10/8/2019,63,235,6650,FIN,CATA,B,3,10,29.0961191,High,CATA
SI,high,D,3,10/29/2019,72,253,7356,EFI,INSE,B,2,10,29.0961191,High,EFI
SI,high,D,3,10/29/2019,72,253,7356,FFR,CVER,B,245,10,29.0961191,High,CVER
SI,high,D,3,10/29/2019,72,253,7356,FFR,SOBO,B,189,10,29.0961191,High,SOBO
SI,high,D,3,10/29/2019,72,253,7356,FIN,CATA,B,15,10,29.0961191,High,CATA
PR,high,T,3,6/17/2019,4,123,4363,EFI,ANTS,B,9,6,8.760734086,Low,ANTS
PR,high,T,3,6/17/2019,4,123,4363,FFR,GAME,B,17,6,8.760734086,Low,GAME
PR,high,T,3,6/17/2019,4,123,4363,FIN,CATA,B,7,6,8.760734086,Low,CATA
PR,high,T,3,6/17/2019,4,123,4363,FIN,INSE,B,10,6,8.760734086,Low,FIN
PR,high,T,3,7/22/2019,21,160,4570,EFI,ANTS,B,21,7,11.77498434,Low,ANTS
PR,high,T,3,7/22/2019,21,160,4570,EFI,INSE,B,49,7,11.77498434,Low,EFI
PR,high,T,3,7/22/2019,21,160,4570,FIN,CATA,B,8,7,11.77498434,Low,CATA
PR,high,T,3,7/22/2019,21,160,4570,FIN,INSE,B,9,7,11.77498434,Low,FIN
PR,high,T,3,8/16/2019,34,277,4939,EFI,INSE,B,6,8,14.46787252,Low,EFI
PR,high,T,3,8/16/2019,34,277,4939,FFR,GMAC,B,20,8,14.46787252,Low,GMAC
PR,high,T,3,8/16/2019,34,277,4939,FFR,MTIN,B,2,8,14.46787252,Low,MTIN
PR,high,T,3,8/16/2019,34,277,4939,FFR,PPLA,B,5,8,14.46787252,Low,PPLA
PR,high,T,3,8/16/2019,34,277,4939,FIN,HIVE,B,76,8,14.46787252,Low,HIVE
PR,high,T,3,8/16/2019,34,277,4939,FIN,INSE,B,9,8,14.46787252,Low,FIN
PR,high,T,3,9/16/2019,50,278,3864,EFI,INSE,B,10,9,70.57240697,High,EFI
PR,high,T,3,9/16/2019,50,278,3864,FFR,GMAC,B,141,9,70.57240697,High,GMAC
PR,high,T,3,9/16/2019,50,278,3864,FIN,CATA,B,10,9,70.57240697,High,CATA
PR,high,T,3,9/16/2019,50,278,3864,FIN,INSE,B,12,9,70.57240697,High,FIN
PR,high,T,3,10/8/2019,63,234,6791,EFI,ANTS,B,36,10,29.0961191,High,ANTS
PR,high,T,3,10/8/2019,63,234,6791,EFI,INSE,B,19,10,29.0961191,High,EFI
PR,high,T,3,10/8/2019,63,234,6791,FFR,FCOT,B,466,10,29.0961191,High,FCOT
PR,high,T,3,10/8/2019,63,234,6791,FIN,INSE,B,1,10,29.0961191,High,FIN
PR,high,T,3,10/29/2019,72,252,6936,EFI,INSE,B,26,10,29.0961191,High,EFI
PR,high,T,3,10/29/2019,72,252,6936,FFR,SOBO,B,162,10,29.0961191,High,SOBO
PR,high,T,3,10/29/2019,72,252,6936,FIN,CATA,B,20,10,29.0961191,High,CATA
PR,high,T,3,10/29/2019,72,252,6936,FIN,INSE,B,9,10,29.0961191,High,FIN
MA,high,T,2,6/14/2019,2,117,5147,FFR,GAME,B,54,6,8.760734086,Low,GAME
MA,high,T,2,6/14/2019,2,117,5147,FIN,CATA,B,12,6,8.760734086,Low,CATA
MA,high,T,2,6/14/2019,2,117,5147,FIN,INSE,B,1,6,8.760734086,Low,FIN
MA,high,T,2,7/22/2019,22,161,971,FIN,CATA,B,8,7,11.77498434,Low,CATA
MA,high,T,2,7/22/2019,22,161,971,FIN,INSE,B,7,7,11.77498434,Low,FIN
MA,high,T,2,7/25/2019,25,168,5232,EFI,INSE,B,3,7,11.77498434,Low,EFI
MA,high,T,2,7/25/2019,25,168,5232,FIN,ANTS,B,1,7,11.77498434,Low,ANTS
MA,high,T,2,7/25/2019,25,168,5232,FIN,CATA,B,10,7,11.77498434,Low,CATA
MA,high,T,2,7/25/2019,25,168,5232,FIN,INSE,B,3,7,11.77498434,Low,FIN
MA,high,T,2,8/19/2019,37,188,6267,EFI,ANTS,B,61,8,14.46787252,Low,ANTS
MA,high,T,2,8/19/2019,37,188,6267,EFI,INSE,B,48,8,14.46787252,Low,EFI
MA,high,T,2,8/19/2019,37,188,6267,FFR,MTIN,B,5,8,14.46787252,Low,MTIN
MA,high,T,2,8/19/2019,37,188,6267,FFR,PPLA,B,41,8,14.46787252,Low,PPLA
MA,high,T,2,8/19/2019,37,188,6267,FIN,INSE,B,3,8,14.46787252,Low,FIN
MA,high,T,2,9/16/2019,49,282,5174,EFI,ANTS,B,46,9,70.57240697,High,ANTS
MA,high,T,2,9/16/2019,49,282,5174,EFI,CATA,B,1,9,70.57240697,High,CATA
MA,high,T,2,9/16/2019,49,282,5174,EFI,INSE,B,21,9,70.57240697,High,EFI
MA,high,T,2,9/16/2019,49,282,5174,FFR,GMAC,B,27,9,70.57240697,High,GMAC
MA,high,T,2,9/16/2019,49,282,5174,FFR,SOBO,B,4,9,70.57240697,High,SOBO
MA,high,T,2,9/16/2019,49,282,5174,FIN,ANTS,B,24,9,70.57240697,High,ANTS
MA,high,T,2,9/16/2019,49,282,5174,FIN,INSE,B,4,9,70.57240697,High,FIN
MA,high,T,2,10/7/2019,61,230,7600,EFI,INSE,B,33,10,29.0961191,High,EFI
MA,high,T,2,10/7/2019,61,230,7600,FFR,FCOT,B,272,10,29.0961191,High,FCOT
MA,high,T,2,10/7/2019,61,230,7600,FIN,INSE,B,1,10,29.0961191,High,FIN
MA,high,T,2,11/1/2019,75,257,7633,EFI,ANTS,B,290,11,48.12151099,High,ANTS
MA,high,T,2,11/1/2019,75,257,7633,EFI,CATA,B,2,11,48.12151099,High,CATA
MA,high,T,2,11/1/2019,75,257,7633,EFI,INSE,B,443,11,48.12151099,High,EFI
MA,high,T,2,11/1/2019,75,257,7633,FFR,CVER,B,74,11,48.12151099,High,CVER
MA,high,T,2,11/1/2019,75,257,7633,FIN,CATA,B,3,11,48.12151099,High,CATA
MA,high,T,2,11/1/2019,75,257,7633,FIN,INSE,B,4,11,48.12151099,High,FIN
FT,mid,T,1,6/18/2019,5,124,6087,EFI,ANTS,B,10,6,8.760734086,Low,ANTS
FT,mid,T,1,6/18/2019,5,124,6087,EFI,INSE,B,3,6,8.760734086,Low,EFI
FT,mid,T,1,6/18/2019,5,124,6087,FFR,GAME,B,101,6,8.760734086,Low,GAME
FT,mid,T,1,6/18/2019,5,124,6087,FIN,CATA,B,30,6,8.760734086,Low,CATA
FT,mid,T,1,6/18/2019,5,124,6087,FIN,INSE,B,25,6,8.760734086,Low,FIN
FT,mid,T,1,7/23/2019,24,167,6529,EFI,INSE,B,19,7,11.77498434,Low,EFI
FT,mid,T,1,7/23/2019,24,167,6529,FIN,CATA,B,10,7,11.77498434,Low,CATA
FT,mid,T,1,7/23/2019,24,167,6529,FIN,INSE,B,10,7,11.77498434,Low,FIN
FT,mid,T,1,8/19/2019,36,186,5237,EFI,ANTS,B,68,8,14.46787252,Low,ANTS
FT,mid,T,1,8/19/2019,36,186,5237,EFI,INSE,B,16,8,14.46787252,Low,EFI
FT,mid,T,1,8/19/2019,36,186,5237,FFR,PPLA,B,21,8,14.46787252,Low,PPLA
FT,mid,T,1,8/19/2019,36,186,5237,FFR,SOBO,B,78,8,14.46787252,Low,SOBO
FT,mid,T,1,8/19/2019,36,186,5237,FIN,INSE,B,5,8,14.46787252,Low,FIN
FT,mid,T,1,8/19/2019,36,186,5237,FIN,LGRA,B,4,8,14.46787252,Low,LGRA
FT,mid,T,1,9/12/2019,48,207,6121,EFI,ANTS,B,69,9,70.57240697,High,ANTS
FT,mid,T,1,9/12/2019,48,207,6121,EFI,CATA,B,1,9,70.57240697,High,CATA
FT,mid,T,1,9/12/2019,48,207,6121,EFI,INSE,B,22,9,70.57240697,High,EFI
FT,mid,T,1,9/12/2019,48,207,6121,FFR,FCOT,B,79,9,70.57240697,High,FCOT
FT,mid,T,1,9/12/2019,48,207,6121,FFR,GMAC,B,2,9,70.57240697,High,GMAC
FT,mid,T,1,9/12/2019,48,207,6121,FIN,ANTS,B,7,9,70.57240697,High,ANTS
FT,mid,T,1,9/12/2019,48,207,6121,FIN,CATA,B,5,9,70.57240697,High,CATA
FT,mid,T,1,9/12/2019,48,207,6121,FIN,INSE,B,9,9,70.57240697,High,FIN
FT,mid,T,1,10/7/2019,62,231,6354,EFI,INSE,B,50,10,29.0961191,High,EFI
FT,mid,T,1,10/7/2019,62,231,6354,FFR,SOBO,B,143,10,29.0961191,High,SOBO
FT,mid,T,1,10/7/2019,62,231,6354,FIN,INSE,B,16,10,29.0961191,High,FIN
FT,mid,T,1,11/1/2019,74,256,6034,EFI,INSE,B,71,11,48.12151099,High,EFI
FT,mid,T,1,11/1/2019,74,256,6034,FFR,CVER,B,2,11,48.12151099,High,CVER
FT,mid,T,1,11/1/2019,74,256,6034,FIN,CATA,B,11,11,48.12151099,High,CATA
FT,mid,T,1,11/1/2019,74,256,6034,FIN,INSE,B,7,11,48.12151099,High,FIN
ED,mid,D,4,6/17/2019,3,122,5562,EFI,INSE,B,3,6,8.760734086,Low,EFI
ED,mid,D,4,6/17/2019,3,122,5562,FIN,CATA,B,8,6,8.760734086,Low,CATA
ED,mid,D,4,6/17/2019,3,122,5562,FIN,INSE,B,9,6,8.760734086,Low,FIN
ED,mid,D,4,7/23/2019,23,166,6728,EFI,INSE,B,20,7,11.77498434,Low,EFI
ED,mid,D,4,7/23/2019,23,166,6728,FFR,BPOL,B,22,7,11.77498434,Low,BPOL
ED,mid,D,4,7/23/2019,23,166,6728,FIN,CATA,B,9,7,11.77498434,Low,CATA
ED,mid,D,4,7/23/2019,23,166,6728,FIN,INSE,B,23,7,11.77498434,Low,FIN
ED,mid,D,4,8/22/2019,38,189,7138,EFI,ANTS,B,27,8,14.46787252,Low,ANTS
ED,mid,D,4,8/22/2019,38,189,7138,EFI,INSE,B,70,8,14.46787252,Low,EFI
ED,mid,D,4,8/22/2019,38,189,7138,FFR,BPOL,B,4,8,14.46787252,Low,BPOL
ED,mid,D,4,8/22/2019,38,189,7138,FFR,FCOT,B,164,8,14.46787252,Low,FCOT
ED,mid,D,4,8/22/2019,38,189,7138,FIN,INSE,B,19,8,14.46787252,Low,FIN
ED,mid,D,4,9/12/2019,47,208,6579,EFI,ANTS,B,4,9,70.57240697,High,ANTS
ED,mid,D,4,9/12/2019,47,208,6579,EFI,INSE,B,42,9,70.57240697,High,EFI
ED,mid,D,4,9/12/2019,47,208,6579,FFR,PPLA,B,24,9,70.57240697,High,PPLA
ED,mid,D,4,9/12/2019,47,208,6579,FFR,SOBO,B,5,9,70.57240697,High,SOBO
ED,mid,D,4,9/12/2019,47,208,6579,FIN,CATA,B,7,9,70.57240697,High,CATA
ED,mid,D,4,9/12/2019,47,208,6579,FIN,HIVE,B,43,9,70.57240697,High,HIVE
ED,mid,D,4,9/12/2019,47,208,6579,FIN,INSE,B,13,9,70.57240697,High,FIN
ED,mid,D,4,10/4/2019,59,227,6732,EFI,ANTS,B,18,10,29.0961191,High,ANTS
ED,mid,D,4,10/4/2019,59,227,6732,EFI,INSE,B,51,10,29.0961191,High,EFI
ED,mid,D,4,10/4/2019,59,227,6732,FFR,FCOT,B,251,10,29.0961191,High,FCOT
ED,mid,D,4,10/4/2019,59,227,6732,FFR,SOBO,B,222,10,29.0961191,High,SOBO
ED,mid,D,4,10/4/2019,59,227,6732,FIN,INSE,B,13,10,29.0961191,High,FIN
ED,mid,D,4,10/30/2019,73,254,6551,EFI,ANTS,B,110,10,29.0961191,High,ANTS
ED,mid,D,4,10/30/2019,73,254,6551,EFI,INSE,B,151,10,29.0961191,High,EFI
ED,mid,D,4,10/30/2019,73,254,6551,FFR,CVER,B,52,10,29.0961191,High,CVER
ED,mid,D,4,10/30/2019,73,254,6551,FIN,CATA,B,17,10,29.0961191,High,CATA
ED,mid,D,4,10/30/2019,73,254,6551,FIN,INSE,B,8,10,29.0961191,High,FIN
KI,mid,D,1,6/18/2019,5,125,6046,EFI,INSE,B,1,6,8.760734086,Low,EFI
KI,mid,D,1,6/18/2019,5,125,6046,FFR,GAME,B,50,6,8.760734086,Low,GAME
KI,mid,D,1,6/18/2019,5,125,6046,FIN,CATA,B,9,6,8.760734086,Low,CATA
KI,mid,D,1,6/18/2019,5,125,6046,FIN,INSE,B,23,6,8.760734086,Low,FIN
KI,mid,D,1,7/23/2019,24,165,6576,FFR,MTIN,B,11,7,11.77498434,Low,MTIN
KI,mid,D,1,7/23/2019,24,165,6576,FIN,CATA,B,5,7,11.77498434,Low,CATA
KI,mid,D,1,7/23/2019,24,165,6576,FIN,INSE,B,13,7,11.77498434,Low,FIN
KI,mid,D,1,8/19/2019,36,185,5716,EFI,INSE,B,85,8,14.46787252,Low,EFI
KI,mid,D,1,8/19/2019,36,185,5716,FFR,PPLA,B,100,8,14.46787252,Low,PPLA
KI,mid,D,1,8/19/2019,36,185,5716,FIN,CATA,B,2,8,14.46787252,Low,CATA
KI,mid,D,1,8/19/2019,36,185,5716,FIN,INSE,B,10,8,14.46787252,Low,FIN
KI,mid,D,1,9/12/2019,48,209,6570,EFI,ANTS,B,13,9,70.57240697,High,ANTS
KI,mid,D,1,9/12/2019,48,209,6570,EFI,INSE,B,18,9,70.57240697,High,EFI
KI,mid,D,1,9/12/2019,48,209,6570,FFR,GMAC,B,97,9,70.57240697,High,GMAC
KI,mid,D,1,9/12/2019,48,209,6570,FFR,PPLA,B,21,9,70.57240697,High,PPLA
KI,mid,D,1,9/12/2019,48,209,6570,FIN,CATA,B,1,9,70.57240697,High,CATA
KI,mid,D,1,9/12/2019,48,209,6570,FIN,INSE,B,43,9,70.57240697,High,FIN
KI,mid,D,1,10/7/2019,62,232,5327,EFI,INSE,B,100,10,29.0961191,High,EFI
KI,mid,D,1,10/7/2019,62,232,5327,FFR,PPLA,B,19,10,29.0961191,High,PPLA
KI,mid,D,1,10/7/2019,62,232,5327,FFR,SOBO,B,210,10,29.0961191,High,SOBO
KI,mid,D,1,10/7/2019,62,232,5327,FIN,CATA,B,5,10,29.0961191,High,CATA
KI,mid,D,1,10/7/2019,62,232,5327,FIN,INSE,B,14,10,29.0961191,High,FIN
KI,mid,D,1,11/1/2019,74,258,5527,EFI,INSE,B,37,11,48.12151099,High,EFI
KI,mid,D,1,11/1/2019,74,258,5527,FFR,SOBO,B,129,11,48.12151099,High,SOBO
KI,mid,D,1,11/1/2019,74,258,5527,FIN,CATA,B,19,11,48.12151099,High,CATA
KI,mid,D,1,11/1/2019,74,258,5527,FIN,INSE,B,22,11,48.12151099,High,FIN
KI,mid,D,1,11/1/2019,74,258,5527,FIN,LGRA,B,9,11,48.12151099,High,LGRA
SH,low,D,2,6/14/2019,2,119,6547,EFI,ANTS,B,1,6,8.760734086,Low,ANTS
SH,low,D,2,6/14/2019,2,119,6547,EFI,INSE,B,1,6,8.760734086,Low,EFI
SH,low,D,2,6/14/2019,2,119,6547,FFR,GAME,B,74,6,8.760734086,Low,GAME
SH,low,D,2,6/14/2019,2,119,6547,FIN,CATA,B,14,6,8.760734086,Low,CATA
SH,low,D,2,6/14/2019,2,119,6547,FIN,INSE,B,5,6,8.760734086,Low,FIN
SH,low,D,2,7/22/2019,22,162,1134,FIN,CATA,B,1,7,11.77498434,Low,CATA
SH,low,D,2,7/22/2019,22,162,1134,FIN,INSE,B,4,7,11.77498434,Low,FIN
SH,low,D,2,7/25/2019,25,169,5400,EFI,INSE,B,1,7,11.77498434,Low,EFI
SH,low,D,2,7/25/2019,25,169,5400,FIN,CATA,B,5,7,11.77498434,Low,CATA
SH,low,D,2,7/25/2019,25,169,5400,FIN,INSE,B,5,7,11.77498434,Low,FIN
SH,low,D,2,8/19/2019,37,187,5682,EFI,INSE,B,1,8,14.46787252,Low,EFI
SH,low,D,2,8/19/2019,37,187,5682,FFR,MTIN,B,22,8,14.46787252,Low,MTIN
SH,low,D,2,8/19/2019,37,187,5682,FFR,SOBO,B,30,8,14.46787252,Low,SOBO
SH,low,D,2,8/19/2019,37,187,5682,FIN,HIVE,B,35,8,14.46787252,Low,HIVE
SH,low,D,2,8/19/2019,37,187,5682,FIN,INSE,B,4,8,14.46787252,Low,FIN
SH,low,D,2,8/19/2019,37,187,5682,FIN,LGRA,B,14,8,14.46787252,Low,LGRA
SH,low,D,2,9/16/2019,49,274,6488,EFI,ANTS,B,2,9,70.57240697,High,ANTS
SH,low,D,2,9/16/2019,49,274,6488,EFI,INSE,B,1,9,70.57240697,High,EFI
SH,low,D,2,9/16/2019,49,274,6488,FFR,GMAC,B,191,9,70.57240697,High,GMAC
SH,low,D,2,9/16/2019,49,274,6488,FFR,SOBO,B,23,9,70.57240697,High,SOBO
SH,low,D,2,9/16/2019,49,274,6488,FIN,INSE,B,7,9,70.57240697,High,FIN
SH,low,D,2,9/16/2019,49,274,6488,FIN,LGRA,B,10,9,70.57240697,High,LGRA
SH,low,D,2,10/7/2019,61,233,6752,FFR,FCOT,B,245,10,29.0961191,High,FCOT
SH,low,D,2,11/1/2019,75,259,5843,EFI,ANTS,B,58,11,48.12151099,High,ANTS
SH,low,D,2,11/1/2019,75,259,5843,EFI,INSE,B,81,11,48.12151099,High,EFI
SH,low,D,2,11/1/2019,75,259,5843,FIN,CATA,B,12,11,48.12151099,High,CATA
SH,low,D,2,11/1/2019,75,259,5843,FIN,INSE,B,19,11,48.12151099,High,FIN
LA,low,T,4,6/17/2019,3,120,4671,EFI,ANTS,B,4,6,8.760734086,Low,ANTS
LA,low,T,4,6/17/2019,3,120,4671,EFI,INSE,B,4,6,8.760734086,Low,EFI
LA,low,T,4,6/17/2019,3,120,4671,FIN,CATA,B,19,6,8.760734086,Low,CATA
LA,low,T,4,6/17/2019,3,120,4671,FIN,HIVE,B,17,6,8.760734086,Low,HIVE
LA,low,T,4,6/17/2019,3,120,4671,FIN,INSE,B,26,6,8.760734086,Low,FIN
LA,low,T,4,7/23/2019,23,164,6387,EFI,ANTS,B,8,7,11.77498434,Low,ANTS
LA,low,T,4,7/23/2019,23,164,6387,FFR,BPOL,B,36,7,11.77498434,Low,BPOL
LA,low,T,4,7/23/2019,23,164,6387,FFR,MTIN,B,4,7,11.77498434,Low,MTIN
LA,low,T,4,7/23/2019,23,164,6387,FIN,CATA,B,22,7,11.77498434,Low,CATA
LA,low,T,4,7/23/2019,23,164,6387,FIN,HIVE,B,37,7,11.77498434,Low,HIVE
LA,low,T,4,7/23/2019,23,164,6387,FIN,INSE,B,20,7,11.77498434,Low,FIN
LA,low,T,4,8/22/2019,38,190,6505,EFI,INSE,B,24,8,14.46787252,Low,EFI
LA,low,T,4,8/22/2019,38,190,6505,FFR,FCOT,B,56,8,14.46787252,Low,FCOT
LA,low,T,4,8/22/2019,38,190,6505,FFR,MTIN,B,14,8,14.46787252,Low,MTIN
LA,low,T,4,8/22/2019,38,190,6505,FFR,PPLA,B,39,8,14.46787252,Low,PPLA
LA,low,T,4,8/22/2019,38,190,6505,FFR,SOBO,B,39,8,14.46787252,Low,SOBO
LA,low,T,4,8/22/2019,38,190,6505,FIN,INSE,B,7,8,14.46787252,Low,FIN
LA,low,T,4,9/12/2019,47,206,6418,EFI,INSE,B,28,9,70.57240697,High,EFI
LA,low,T,4,9/12/2019,47,206,6418,FFR,PPLA,B,20,9,70.57240697,High,PPLA
LA,low,T,4,9/12/2019,47,206,6418,FFR,SOBO,B,41,9,70.57240697,High,SOBO
LA,low,T,4,9/12/2019,47,206,6418,FIN,CATA,B,4,9,70.57240697,High,CATA
LA,low,T,4,9/12/2019,47,206,6418,FIN,INSE,B,17,9,70.57240697,High,FIN
LA,low,T,4,10/4/2019,59,228,5755,EFI,ANTS,B,46,10,29.0961191,High,ANTS
LA,low,T,4,10/4/2019,59,228,5755,EFI,CATA,B,14,10,29.0961191,High,CATA
LA,low,T,4,10/4/2019,59,228,5755,EFI,INSE,B,6,10,29.0961191,High,EFI
LA,low,T,4,10/4/2019,59,228,5755,FFR,CVER,B,11,10,29.0961191,High,CVER
LA,low,T,4,10/4/2019,59,228,5755,FFR,FCOT,B,203,10,29.0961191,High,FCOT
LA,low,T,4,10/4/2019,59,228,5755,FFR,SOBO,B,253,10,29.0961191,High,SOBO
LA,low,T,4,10/4/2019,59,228,5755,FIN,INSE,B,6,10,29.0961191,High,FIN
LA,low,T,4,10/30/2019,73,255,6412,EFI,ANTS,B,26,10,29.0961191,High,ANTS
LA,low,T,4,10/30/2019,73,255,6412,EFI,INSE,B,35,10,29.0961191,High,EFI
LA,low,T,4,10/30/2019,73,255,6412,FFR,CVER,B,34,10,29.0961191,High,CVER
LA,low,T,4,10/30/2019,73,255,6412,FFR,SOBO,B,151,10,29.0961191,High,SOBO
LA,low,T,4,10/30/2019,73,255,6412,FIN,CATA,B,20,10,29.0961191,High,CATA
LA,low,T,4,10/30/2019,73,255,6412,FIN,INSE,B,7,10,29.0961191,High,FIN
LA,low,T,4,10/30/2019,73,255,6412,FIN,LGRA,B,27,10,29.0961191,High,LGRA
QD,high,D,9,7/2/2019,11,281,5126,EFI,INSE,B,5,7,11.77498434,Low,EFI
QD,high,D,9,7/2/2019,11,281,5126,FFR,GAME,B,40,7,11.77498434,Low,GAME
QD,high,D,9,7/2/2019,11,281,5126,FIN,CATA,B,3,7,11.77498434,Low,CATA
QD,high,D,9,7/2/2019,11,281,5126,FIN,INSE,B,6,7,11.77498434,Low,FIN
QD,high,D,9,7/17/2019,19,157,6024,EFI,INSE,B,3,7,11.77498434,Low,EFI
QD,high,D,9,7/17/2019,19,157,6024,FFR,FCOT,B,44,7,11.77498434,Low,FCOT
QD,high,D,9,7/17/2019,19,157,6024,FFR,GAME,B,16,7,11.77498434,Low,GAME
QD,high,D,9,7/17/2019,19,157,6024,FIN,CATA,B,2,7,11.77498434,Low,CATA
QD,high,D,9,7/17/2019,19,157,6024,FIN,INSE,B,19,7,11.77498434,Low,FIN
QD,high,D,9,8/9/2019,30,178,7179,EFI,INSE,B,7,8,14.46787252,Low,EFI
QD,high,D,9,8/9/2019,30,178,7179,FFR,MTIN,B,1,8,14.46787252,Low,MTIN
QD,high,D,9,8/9/2019,30,178,7179,FIN,HIVE,B,44,8,14.46787252,Low,HIVE
QD,high,D,9,8/9/2019,30,178,7179,FIN,INSE,B,3,8,14.46787252,Low,FIN
QD,high,D,9,8/9/2019,30,178,7179,FIN,LGRA,B,18,8,14.46787252,Low,LGRA
QD,high,D,9,8/27/2019,41,195,6041,EFI,INSE,B,19,8,14.46787252,Low,EFI
QD,high,D,9,8/27/2019,41,195,6041,FFR,MTIN,B,16,8,14.46787252,Low,MTIN
QD,high,D,9,8/27/2019,41,195,6041,FIN,INSE,B,1,8,14.46787252,Low,FIN
QD,high,D,9,8/27/2019,41,195,6041,FIN,LGRA,B,23,8,14.46787252,Low,LGRA
QD,high,D,9,9/20/2019,53,215,5771,EFI,INSE,B,31,9,70.57240697,High,EFI
QD,high,D,9,9/20/2019,53,215,5771,FFR,MTIN,B,24,9,70.57240697,High,MTIN
QD,high,D,9,9/20/2019,53,215,5771,FIN,CATA,B,9,9,70.57240697,High,CATA
QD,high,D,9,9/20/2019,53,215,5771,FIN,INSE,B,5,9,70.57240697,High,FIN
QD,high,D,9,9/20/2019,53,215,5771,FIN,LGRA,B,20,9,70.57240697,High,LGRA
QD,high,D,9,10/10/2019,64,236,5862,EFI,INSE,B,16,10,29.0961191,High,EFI
QD,high,D,9,10/10/2019,64,236,5862,FFR,FCOT,B,60,10,29.0961191,High,FCOT
QD,high,D,9,10/10/2019,64,236,5862,FIN,CATA,B,3,10,29.0961191,High,CATA
QD,high,D,9,10/10/2019,64,236,5862,FIN,INSE,B,12,10,29.0961191,High,FIN
QD,high,D,9,10/10/2019,64,236,5862,FIN,LGRA,B,80,10,29.0961191,High,LGRA
QD,high,D,9,11/4/2019,76,261,6804,EFI,ANTS,B,6,11,48.12151099,High,ANTS
QD,high,D,9,11/4/2019,76,261,6804,EFI,INSE,B,47,11,48.12151099,High,EFI
QD,high,D,9,11/4/2019,76,261,6804,FIN,CATA,B,2,11,48.12151099,High,CATA
QD,high,D,9,11/4/2019,76,261,6804,FIN,INSE,B,13,11,48.12151099,High,FIN
QD,high,D,9,11/14/2019,79,267,6572,EFI,ANTS,B,51,11,48.12151099,High,ANTS
QD,high,D,9,11/14/2019,79,267,6572,EFI,CATA,B,1,11,48.12151099,High,CATA
QD,high,D,9,11/14/2019,79,267,6572,EFI,INSE,B,78,11,48.12151099,High,EFI
QD,high,D,9,11/14/2019,79,267,6572,FFR,CVER,B,3,11,48.12151099,High,CVER
QD,high,D,9,11/14/2019,79,267,6572,FFR,QOLE,B,40,11,48.12151099,High,QOLE
QD,high,D,9,11/14/2019,79,267,6572,FIN,CATA,B,8,11,48.12151099,High,CATA
QD,high,D,9,11/14/2019,79,267,6572,FIN,INSE,B,37,11,48.12151099,High,FIN
PD,mid,T,9,7/2/2019,11,140,6265,EFI,ANTS,B,7,7,11.77498434,Low,ANTS
PD,mid,T,9,7/2/2019,11,140,6265,FFR,GAME,B,120,7,11.77498434,Low,GAME
PD,mid,T,9,7/2/2019,11,140,6265,FIN,CATA,B,6,7,11.77498434,Low,CATA
PD,mid,T,9,7/2/2019,11,140,6265,FIN,INSE,B,8,7,11.77498434,Low,FIN
PD,mid,T,9,7/17/2019,19,156,6284,EFI,INSE,B,1,7,11.77498434,Low,EFI
PD,mid,T,9,7/17/2019,19,156,6284,FFR,FCOT,B,28,7,11.77498434,Low,FCOT
PD,mid,T,9,7/17/2019,19,156,6284,FFR,GAME,B,43,7,11.77498434,Low,GAME
PD,mid,T,9,7/17/2019,19,156,6284,FFR,MTIN,B,10,7,11.77498434,Low,MTIN
PD,mid,T,9,7/17/2019,19,156,6284,FIN,ANTS,B,4,7,11.77498434,Low,ANTS
PD,mid,T,9,7/17/2019,19,156,6284,FIN,INSE,B,7,7,11.77498434,Low,FIN
PD,mid,T,9,7/17/2019,19,156,6284,FIN,LGRA,B,50,7,11.77498434,Low,LGRA
PD,mid,T,9,8/9/2019,30,177,4954,EFI,INSE,B,4,8,14.46787252,Low,EFI
PD,mid,T,9,8/9/2019,30,177,4954,FIN,CATA,B,3,8,14.46787252,Low,CATA
PD,mid,T,9,8/9/2019,30,177,4954,FIN,INSE,B,11,8,14.46787252,Low,FIN
PD,mid,T,9,8/9/2019,30,177,4954,FIN,LGRA,B,12,8,14.46787252,Low,LGRA
PD,mid,T,9,8/27/2019,41,196,5083,EFI,INSE,B,34,8,14.46787252,Low,EFI
PD,mid,T,9,8/27/2019,41,196,5083,FFR,MTIN,B,8,8,14.46787252,Low,MTIN
PD,mid,T,9,8/27/2019,41,196,5083,FIN,LGRA,B,21,8,14.46787252,Low,LGRA
PD,mid,T,9,9/20/2019,53,214,5425,EFI,INSE,B,21,9,70.57240697,High,EFI
PD,mid,T,9,9/20/2019,53,214,5425,FIN,INSE,B,9,9,70.57240697,High,FIN
PD,mid,T,9,9/20/2019,53,214,5425,FIN,LGRA,B,6,9,70.57240697,High,LGRA
PD,mid,T,9,10/10/2019,64,237,6317,EFI,ANTS,B,7,10,29.0961191,High,ANTS
PD,mid,T,9,10/10/2019,64,237,6317,EFI,INSE,B,13,10,29.0961191,High,EFI
PD,mid,T,9,10/10/2019,64,237,6317,FFR,FCOT,B,93,10,29.0961191,High,FCOT
PD,mid,T,9,10/10/2019,64,237,6317,FIN,INSE,B,7,10,29.0961191,High,FIN
PD,mid,T,9,11/4/2019,76,260,6869,EFI,INSE,B,38,11,48.12151099,High,EFI
PD,mid,T,9,11/4/2019,76,260,6869,FIN,INSE,B,5,11,48.12151099,High,FIN
PD,mid,T,9,11/14/2019,79,266,5659,EFI,INSE,B,11,11,48.12151099,High,EFI
PD,mid,T,9,11/14/2019,79,266,5659,FFR,QOLE,B,17,11,48.12151099,High,QOLE
PD,mid,T,9,11/14/2019,79,266,5659,FIN,CATA,B,26,11,48.12151099,High,CATA
PD,mid,T,9,11/14/2019,79,266,5659,FIN,INSE,B,12,11,48.12151099,High,FIN
PD,mid,T,9,11/14/2019,79,266,5659,FIN,LGRA,B,11,11,48.12151099,High,LGRA
WK,high,T,11,6/24/2019,7,280,6702,EFI,ANTS,B,3,6,8.760734086,Low,ANTS
WK,high,T,11,6/24/2019,7,280,6702,EFI,INSE,B,8,6,8.760734086,Low,EFI
WK,high,T,11,6/24/2019,7,280,6702,FFR,GAME,B,58,6,8.760734086,Low,GAME
WK,high,T,11,6/24/2019,7,280,6702,FIN,CATA,B,44,6,8.760734086,Low,CATA
WK,high,T,11,6/24/2019,7,280,6702,FIN,INSE,B,6,6,8.760734086,Low,FIN
WK,high,T,11,7/9/2019,13,144,3997,EFI,INSE,B,9,7,11.77498434,Low,EFI
WK,high,T,11,7/9/2019,13,144,3997,FIN,CATA,B,15,7,11.77498434,Low,CATA
WK,high,T,11,7/9/2019,13,144,3997,FIN,INSE,B,12,7,11.77498434,Low,FIN
WK,high,T,11,8/13/2019,32,180,5045,FIN,INSE,B,1,8,14.46787252,Low,FIN
WK,high,T,11,8/13/2019,32,180,5045,FIN,LGRA,B,4,8,14.46787252,Low,LGRA
WK,high,T,11,8/26/2019,39,191,5506,EFI,INSE,B,12,8,14.46787252,Low,EFI
WK,high,T,11,8/26/2019,39,191,5506,FIN,CATA,B,2,8,14.46787252,Low,CATA
WK,high,T,11,8/26/2019,39,191,5506,FIN,INSE,B,1,8,14.46787252,Low,FIN
WK,high,T,11,9/18/2019,52,212,5504,EFI,ANTS,B,8,9,70.57240697,High,ANTS
WK,high,T,11,9/18/2019,52,212,5504,EFI,INSE,B,32,9,70.57240697,High,EFI
WK,high,T,11,9/18/2019,52,212,5504,FFR,GMAC,B,74,9,70.57240697,High,GMAC
WK,high,T,11,9/18/2019,52,212,5504,FIN,CATA,B,1,9,70.57240697,High,CATA
WK,high,T,11,9/18/2019,52,212,5504,FIN,INSE,B,6,9,70.57240697,High,FIN
WK,high,T,11,10/14/2019,66,241,6080,EFI,ANTS,B,11,10,29.0961191,High,ANTS
WK,high,T,11,10/14/2019,66,241,6080,EFI,CATA,B,1,10,29.0961191,High,CATA
WK,high,T,11,10/14/2019,66,241,6080,EFI,INSE,B,80,10,29.0961191,High,EFI
WK,high,T,11,10/14/2019,66,241,6080,FIN,CATA,B,5,10,29.0961191,High,CATA
WK,high,T,11,10/14/2019,66,241,6080,FIN,INSE,B,13,10,29.0961191,High,FIN
WK,high,T,11,10/14/2019,66,241,6080,FIN,LGRA,B,24,10,29.0961191,High,LGRA
SP,high,D,11,6/24/2019,7,130,5117,EFI,ANTS,B,6,6,8.760734086,Low,ANTS
SP,high,D,11,6/24/2019,7,130,5117,EFI,INSE,B,1,6,8.760734086,Low,EFI
SP,high,D,11,6/24/2019,7,130,5117,FFR,GAME,B,25,6,8.760734086,Low,GAME
SP,high,D,11,6/24/2019,7,130,5117,FIN,CATA,B,6,6,8.760734086,Low,CATA
SP,high,D,11,6/24/2019,7,130,5117,FIN,INSE,B,10,6,8.760734086,Low,FIN
SP,high,D,11,7/9/2019,13,142,3568,EFI,ANTS,B,21,7,11.77498434,Low,ANTS
SP,high,D,11,7/9/2019,13,142,3568,EFI,INSE,B,11,7,11.77498434,Low,EFI
SP,high,D,11,7/9/2019,13,142,3568,FFR,PPLA,B,1,7,11.77498434,Low,PPLA
SP,high,D,11,7/9/2019,13,142,3568,FIN,CATA,B,7,7,11.77498434,Low,CATA
SP,high,D,11,7/9/2019,13,142,3568,FIN,INSE,B,10,7,11.77498434,Low,FIN
SP,high,D,11,8/13/2019,32,182,5083,EFI,INSE,B,8,8,14.46787252,Low,EFI
SP,high,D,11,8/13/2019,32,182,5083,FFR,MTIN,B,2,8,14.46787252,Low,MTIN
SP,high,D,11,8/13/2019,32,182,5083,FIN,INSE,B,5,8,14.46787252,Low,FIN
SP,high,D,11,8/13/2019,32,182,5083,FIN,LGRA,B,14,8,14.46787252,Low,LGRA
SP,high,D,11,8/26/2019,39,192,6273,EFI,ANTS,B,8,8,14.46787252,Low,ANTS
SP,high,D,11,8/26/2019,39,192,6273,EFI,INSE,B,1,8,14.46787252,Low,EFI
SP,high,D,11,8/26/2019,39,192,6273,FIN,INSE,B,4,8,14.46787252,Low,FIN
SP,high,D,11,8/26/2019,39,192,6273,FIN,LGRA,B,2,8,14.46787252,Low,LGRA
SP,high,D,11,9/18/2019,52,213,6081,EFI,ANTS,B,71,9,70.57240697,High,ANTS
SP,high,D,11,9/18/2019,52,213,6081,EFI,INSE,B,130,9,70.57240697,High,EFI
SP,high,D,11,9/18/2019,52,213,6081,FFR,GMAC,B,179,9,70.57240697,High,GMAC
SP,high,D,11,9/18/2019,52,213,6081,FIN,INSE,B,16,9,70.57240697,High,FIN
SP,high,D,11,9/18/2019,52,213,6081,FIN,LGRA,B,2,9,70.57240697,High,LGRA
SP,high,D,11,10/14/2019,66,240,7019,EFI,ANTS,B,14,10,29.0961191,High,ANTS
SP,high,D,11,10/14/2019,66,240,7019,EFI,INSE,B,68,10,29.0961191,High,EFI
SP,high,D,11,10/14/2019,66,240,7019,FIN,INSE,B,3,10,29.0961191,High,FIN
SP,high,D,11,10/14/2019,66,240,7019,FIN,LGRA,B,9,10,29.0961191,High,LGRA
RS,mid,D,10,6/24/2019,8,131,6810,FFR,GAME,B,64,6,8.760734086,Low,GAME
RS,mid,D,10,6/24/2019,8,131,6810,FIN,CATA,B,8,6,8.760734086,Low,CATA
RS,mid,D,10,6/24/2019,8,131,6810,FIN,INSE,B,2,6,8.760734086,Low,FIN
RS,mid,D,10,7/9/2019,12,141,7100,EFI,INSE,B,3,7,11.77498434,Low,EFI
RS,mid,D,10,7/9/2019,12,141,7100,FFR,GAME,B,187,7,11.77498434,Low,GAME
RS,mid,D,10,7/9/2019,12,141,7100,FIN,CATA,B,10,7,11.77498434,Low,CATA
RS,mid,D,10,8/13/2019,31,179,4547,FFR,BPOL,B,1,8,14.46787252,Low,BPOL
RS,mid,D,10,8/13/2019,31,179,4547,FFR,MTIN,B,7,8,14.46787252,Low,MTIN
RS,mid,D,10,8/13/2019,31,179,4547,FFR,PPLA,B,34,8,14.46787252,Low,PPLA
RS,mid,D,10,8/13/2019,31,179,4547,FIN,CATA,B,6,8,14.46787252,Low,CATA
RS,mid,D,10,8/13/2019,31,179,4547,FIN,HIVE,B,68,8,14.46787252,Low,HIVE
RS,mid,D,10,8/13/2019,31,179,4547,FIN,INSE,B,13,8,14.46787252,Low,FIN
RS,mid,D,10,8/13/2019,31,179,4547,FIN,LGRA,B,30,8,14.46787252,Low,LGRA
RS,mid,D,10,8/26/2019,40,194,5953,EFI,INSE,B,35,8,14.46787252,Low,EFI
RS,mid,D,10,8/26/2019,40,194,5953,FFR,GMAC,B,18,8,14.46787252,Low,GMAC
RS,mid,D,10,8/26/2019,40,194,5953,FFR,MTIN,B,9,8,14.46787252,Low,MTIN
RS,mid,D,10,8/26/2019,40,194,5953,FIN,INSE,B,3,8,14.46787252,Low,FIN
RS,mid,D,10,9/17/2019,51,210,7029,EFI,INSE,B,3,9,70.57240697,High,EFI
RS,mid,D,10,9/17/2019,51,210,7029,FFR,GMAC,B,475,9,70.57240697,High,GMAC
RS,mid,D,10,9/17/2019,51,210,7029,FFR,MTIN,B,2,9,70.57240697,High,MTIN
RS,mid,D,10,9/17/2019,51,210,7029,FIN,INSE,B,5,9,70.57240697,High,FIN
RS,mid,D,10,10/11/2019,65,238,6473,EFI,INSE,B,28,10,29.0961191,High,EFI
RS,mid,D,10,10/11/2019,65,238,6473,FIN,CATA,B,15,10,29.0961191,High,CATA
RS,mid,D,10,10/11/2019,65,238,6473,FIN,INSE,B,11,10,29.0961191,High,FIN
RS,mid,D,10,10/11/2019,65,238,6473,FIN,LGRA,B,226,10,29.0961191,High,LGRA
RS,mid,D,10,11/11/2019,77,262,7076,EFI,INSE,B,17,11,48.12151099,High,EFI
RS,mid,D,10,11/11/2019,77,262,7076,FFR,SOBO,B,175,11,48.12151099,High,SOBO
RS,mid,D,10,11/11/2019,77,262,7076,FIN,CATA,B,4,11,48.12151099,High,CATA
RS,mid,D,10,11/11/2019,77,262,7076,FIN,INSE,B,23,11,48.12151099,High,FIN
RS,mid,D,10,11/11/2019,77,262,7076,FIN,LGRA,B,203,11,48.12151099,High,LGRA
RS,mid,D,10,11/12/2019,78,264,6172,EFI,ANTS,B,25,11,48.12151099,High,ANTS
RS,mid,D,10,11/12/2019,78,264,6172,EFI,INSE,B,12,11,48.12151099,High,EFI
RS,mid,D,10,11/12/2019,78,264,6172,FFR,SOBO,B,194,11,48.12151099,High,SOBO
RS,mid,D,10,11/12/2019,78,264,6172,FIN,CATA,B,5,11,48.12151099,High,CATA
RS,mid,D,10,11/12/2019,78,264,6172,FIN,INSE,B,42,11,48.12151099,High,FIN
RS,mid,D,10,11/12/2019,78,264,6172,FIN,LGRA,B,89,11,48.12151099,High,LGRA
MW,low,T,10,6/24/2019,8,279,7330,FFR,GAME,B,79,6,8.760734086,Low,GAME
MW,low,T,10,6/24/2019,8,279,7330,FIN,CATA,B,11,6,8.760734086,Low,CATA
MW,low,T,10,6/24/2019,8,279,7330,FIN,INSE,B,4,6,8.760734086,Low,FIN
MW,low,T,10,7/9/2019,12,143,7005,FFR,GAME,B,32,7,11.77498434,Low,GAME
MW,low,T,10,7/9/2019,12,143,7005,FIN,INSE,B,7,7,11.77498434,Low,FIN
MW,low,T,10,8/13/2019,31,181,4612,EFI,ANTS,B,12,8,14.46787252,Low,ANTS
MW,low,T,10,8/13/2019,31,181,4612,EFI,INSE,B,8,8,14.46787252,Low,EFI
MW,low,T,10,8/13/2019,31,181,4612,FFR,BPOL,B,4,8,14.46787252,Low,BPOL
MW,low,T,10,8/13/2019,31,181,4612,FFR,MTIN,B,1,8,14.46787252,Low,MTIN
MW,low,T,10,8/13/2019,31,181,4612,FIN,CATA,B,3,8,14.46787252,Low,CATA
MW,low,T,10,8/13/2019,31,181,4612,FIN,HIVE,B,29,8,14.46787252,Low,HIVE
MW,low,T,10,8/13/2019,31,181,4612,FIN,INSE,B,3,8,14.46787252,Low,FIN
MW,low,T,10,8/26/2019,40,193,4889,EFI,INSE,B,62,8,14.46787252,Low,EFI
MW,low,T,10,8/26/2019,40,193,4889,FIN,INSE,B,2,8,14.46787252,Low,FIN
MW,low,T,10,8/26/2019,40,193,4889,FIN,LGRA,B,10,8,14.46787252,Low,LGRA
MW,low,T,10,9/17/2019,51,211,6718,EFI,INSE,B,22,9,70.57240697,High,EFI
MW,low,T,10,9/17/2019,51,211,6718,FFR,GMAC,B,543,9,70.57240697,High,GMAC
MW,low,T,10,9/17/2019,51,211,6718,FIN,INSE,B,1,9,70.57240697,High,FIN
MW,low,T,10,10/11/2019,65,239,5657,EFI,ANTS,B,49,10,29.0961191,High,ANTS
MW,low,T,10,10/11/2019,65,239,5657,EFI,INSE,B,7,10,29.0961191,High,EFI
MW,low,T,10,10/11/2019,65,239,5657,FIN,INSE,B,4,10,29.0961191,High,FIN
MW,low,T,10,10/11/2019,65,239,5657,FIN,LGRA,B,108,10,29.0961191,High,LGRA
MW,low,T,10,11/11/2019,77,263,5029,EFI,INSE,B,4,11,48.12151099,High,EFI
MW,low,T,10,11/11/2019,77,263,5029,FFR,CVER,B,124,11,48.12151099,High,CVER
MW,low,T,10,11/11/2019,77,263,5029,FIN,INSE,B,5,11,48.12151099,High,FIN
MW,low,T,10,11/12/2019,78,265,6110,EFI,INSE,B,9,11,48.12151099,High,EFI
MW,low,T,10,11/12/2019,78,265,6110,FFR,SOBO,B,26,11,48.12151099,High,SOBO
MW,low,T,10,11/12/2019,78,265,6110,FIN,CATA,B,1,11,48.12151099,High,CATA
MW,low,T,10,11/12/2019,78,265,6110,FIN,INSE,B,6,11,48.12151099,High,FIN
MW,low,T,10,11/12/2019,78,265,6110,FIN,LGRA,B,60,11,48.12151099,High,LGRA
